{"cameraMode":{"drawMode":0,"name":"Shaded","section":"Shading Mode"},"sceneLighting":false,"audioPlay":false,"sceneViewState":{"m_AlwaysRefresh":false,"showFog":true,"showSkybox":false,"showFlares":true,"showImageEffects":true,"showParticleSystems":true,"showVisualEffectGraphs":true,"m_FxEnabled":true},"in2DMode":false,"pivot":{"x":0.021702826023101808,"y":-0.001538991928100586,"z":1.1705706119537354},"rotation":{"x":-0.0014019559603184462,"y":-0.030894726514816285,"z":0.0003278949297964573,"w":-0.9995220899581909},"size":2.0158636569976808,"orthographic":false}