{"cameraMode":{"drawMode":0,"name":"Shaded","section":"Shading Mode"},"sceneLighting":false,"audioPlay":false,"sceneViewState":{"m_AlwaysRefresh":false,"showFog":true,"showSkybox":false,"showFlares":true,"showImageEffects":true,"showParticleSystems":true,"showVisualEffectGraphs":true,"m_FxEnabled":true},"in2DMode":false,"pivot":{"x":-1.8937859535217286,"y":3.089329719543457,"z":4.2606048583984379},"rotation":{"x":0.22186540067195893,"y":-0.18462394177913667,"z":0.04252370446920395,"w":0.9564951658248901},"size":11.227673530578614,"orthographic":false}