{"cameraMode":{"drawMode":0,"name":"Shaded","section":"Shading Mode"},"sceneLighting":false,"audioPlay":false,"sceneViewState":{"m_AlwaysRefresh":false,"showFog":true,"showSkybox":false,"showFlares":true,"showImageEffects":true,"showParticleSystems":true,"showVisualEffectGraphs":true,"m_FxEnabled":true},"in2DMode":false,"pivot":{"x":-0.2528574466705322,"y":0.21794342994689942,"z":-0.6320962905883789},"rotation":{"x":0.30148816108703616,"y":-0.12274526804685593,"z":0.03886612877249718,"w":0.9447377324104309},"size":6.261907577514648,"orthographic":false}