{"cameraMode":{"drawMode":0,"name":"Shaded","section":"Shading Mode"},"sceneLighting":false,"audioPlay":false,"sceneViewState":{"m_AlwaysRefresh":false,"showFog":true,"showSkybox":false,"showFlares":true,"showImageEffects":true,"showParticleSystems":true,"showVisualEffectGraphs":true,"m_FxEnabled":true},"in2DMode":false,"pivot":{"x":-0.0041201114654541019,"y":0.0010719895362854004,"z":0.008680462837219239},"rotation":{"x":-0.016471147537231447,"y":-0.12128862738609314,"z":-0.002303134882822633,"w":0.9924784898757935},"size":1.496419072151184,"orthographic":false}