{"cameraMode":{"drawMode":0,"name":"Shaded","section":"Shading Mode"},"sceneLighting":false,"audioPlay":false,"sceneViewState":{"m_AlwaysRefresh":false,"showFog":true,"showSkybox":false,"showFlares":true,"showImageEffects":true,"showParticleSystems":true,"showVisualEffectGraphs":true,"m_FxEnabled":true},"in2DMode":false,"pivot":{"x":-0.27208417654037478,"y":1.1190532445907593,"z":-0.3299751281738281},"rotation":{"x":0.006353749893605709,"y":-0.014362531714141369,"z":-0.00019215888460166752,"w":0.9998782277107239},"size":1.6244003772735596,"orthographic":false}