{"cameraMode":{"drawMode":0,"name":"Shaded","section":"Shading Mode"},"sceneLighting":false,"audioPlay":false,"sceneViewState":{"m_AlwaysRefresh":false,"showFog":true,"showSkybox":false,"showFlares":true,"showImageEffects":true,"showParticleSystems":true,"showVisualEffectGraphs":true,"m_FxEnabled":true},"in2DMode":false,"pivot":{"x":-0.013371944427490235,"y":0.09929680824279785,"z":0.04491829872131348},"rotation":{"x":0.07919248938560486,"y":-0.05244266614317894,"z":0.003882625373080373,"w":0.9954721331596375},"size":2.9282145500183107,"orthographic":false}