{"cameraMode":{"drawMode":0,"name":"Shaded","section":"Shading Mode"},"sceneLighting":false,"audioPlay":false,"sceneViewState":{"m_AlwaysRefresh":false,"showFog":true,"showSkybox":false,"showFlares":true,"showImageEffects":true,"showParticleSystems":true,"showVisualEffectGraphs":true,"m_FxEnabled":true},"in2DMode":false,"pivot":{"x":-0.05607295036315918,"y":0.060345470905303958,"z":-0.006251931190490723},"rotation":{"x":0.15764611959457398,"y":-0.3896823823451996,"z":0.06757441908121109,"w":0.9048371315002441},"size":1.4300109148025513,"orthographic":false}