{"cameraMode":{"drawMode":0,"name":"Shaded","section":"Shading Mode"},"sceneLighting":false,"audioPlay":false,"sceneViewState":{"m_AlwaysRefresh":false,"showFog":true,"showSkybox":false,"showFlares":true,"showImageEffects":true,"showParticleSystems":true,"showVisualEffectGraphs":true,"m_FxEnabled":true},"in2DMode":false,"pivot":{"x":0.2927292585372925,"y":1.1370385885238648,"z":0.6055219173431397},"rotation":{"x":-0.2360675185918808,"y":0.028339946642518045,"z":-0.006594981998205185,"w":-0.9713013172149658},"size":1.6008572578430176,"orthographic":false}