{"cameraMode":{"drawMode":0,"name":"Shaded","section":"Shading Mode"},"sceneLighting":false,"audioPlay":false,"sceneViewState":{"m_AlwaysRefresh":false,"showFog":true,"showSkybox":false,"showFlares":true,"showImageEffects":true,"showParticleSystems":true,"showVisualEffectGraphs":true,"m_FxEnabled":true},"in2DMode":false,"pivot":{"x":-19.2582950592041,"y":-0.05593373253941536,"z":-0.009021520614624024},"rotation":{"x":0.00009010995563585311,"y":-0.005400145426392555,"z":0.0002840616216417402,"w":-0.9999858140945435},"size":1.9047359228134156,"orthographic":false}