{"cameraMode":{"drawMode":0,"name":"Shaded","section":"Shading Mode"},"sceneLighting":false,"audioPlay":false,"sceneViewState":{"m_AlwaysRefresh":false,"showFog":true,"showSkybox":false,"showFlares":true,"showImageEffects":true,"showParticleSystems":true,"showVisualEffectGraphs":true,"m_FxEnabled":true},"in2DMode":false,"pivot":{"x":-0.00450056791305542,"y":-0.006838738918304443,"z":0.002946615219116211},"rotation":{"x":-0.0014019559603184462,"y":-0.030894726514816285,"z":0.0003278949297964573,"w":-0.9995220899581909},"size":1.4757076501846314,"orthographic":false}