{"cameraMode":{"drawMode":0,"name":"Shaded","section":"Shading Mode"},"sceneLighting":false,"audioPlay":false,"sceneViewState":{"m_AlwaysRefresh":false,"showFog":true,"showSkybox":false,"showFlares":true,"showImageEffects":true,"showParticleSystems":true,"showVisualEffectGraphs":true,"m_FxEnabled":true},"in2DMode":false,"pivot":{"x":-0.6184979677200317,"y":-4.975153923034668,"z":4.951376914978027},"rotation":{"x":0.2742071747779846,"y":0.08334957808256149,"z":-0.024163896217942239,"w":0.9577474594116211},"size":10.342449188232422,"orthographic":false}