{"cameraMode":{"drawMode":0,"name":"Shaded","section":"Shading Mode"},"sceneLighting":false,"audioPlay":false,"sceneViewState":{"m_AlwaysRefresh":false,"showFog":true,"showSkybox":false,"showFlares":true,"showImageEffects":true,"showParticleSystems":true,"showVisualEffectGraphs":true,"m_FxEnabled":true},"in2DMode":false,"pivot":{"x":0.04056882858276367,"y":0.0075092315673828129,"z":1.3490911722183228},"rotation":{"x":-0.0014019559603184462,"y":-0.030894726514816285,"z":0.0003278949297964573,"w":-0.9995220899581909},"size":2.035461187362671,"orthographic":false}