{"cameraMode":{"drawMode":0,"name":"Shaded","section":"Shading Mode"},"sceneLighting":false,"audioPlay":false,"sceneViewState":{"m_AlwaysRefresh":false,"showFog":true,"showSkybox":false,"showFlares":true,"showImageEffects":true,"showParticleSystems":true,"showVisualEffectGraphs":true,"m_FxEnabled":true},"in2DMode":false,"pivot":{"x":0.003899812698364258,"y":0.018100976943969728,"z":1.147298812866211},"rotation":{"x":-0.0014019559603184462,"y":-0.030894726514816285,"z":0.0003278949297964573,"w":-0.9995220899581909},"size":1.8872278928756714,"orthographic":false}