{"cameraMode":{"drawMode":0,"name":"Shaded","section":"Shading Mode"},"sceneLighting":false,"audioPlay":false,"sceneViewState":{"m_AlwaysRefresh":false,"showFog":true,"showSkybox":false,"showFlares":true,"showImageEffects":true,"showParticleSystems":true,"showVisualEffectGraphs":true,"m_FxEnabled":true},"in2DMode":false,"pivot":{"x":-0.00921940803527832,"y":-0.03299558162689209,"z":0.029263019561767579},"rotation":{"x":-0.2360675185918808,"y":0.028339946642518045,"z":-0.006594981998205185,"w":-0.9713013172149658},"size":2.143826961517334,"orthographic":false}