{"cameraMode":{"drawMode":0,"name":"Shaded","section":"Shading Mode"},"sceneLighting":false,"audioPlay":false,"sceneViewState":{"m_AlwaysRefresh":false,"showFog":true,"showSkybox":false,"showFlares":true,"showImageEffects":true,"showParticleSystems":true,"showVisualEffectGraphs":true,"m_FxEnabled":true},"in2DMode":false,"pivot":{"x":-0.021153390407562257,"y":1.5139875411987305,"z":-0.16750305891036988},"rotation":{"x":-0.2360675185918808,"y":0.028339946642518045,"z":-0.006594981998205185,"w":-0.9713013172149658},"size":1.178516149520874,"orthographic":false}