{"cameraMode":{"drawMode":0,"name":"Shaded","section":"Shading Mode"},"sceneLighting":false,"audioPlay":false,"sceneViewState":{"m_AlwaysRefresh":false,"showFog":true,"showSkybox":false,"showFlares":true,"showImageEffects":true,"showParticleSystems":true,"showVisualEffectGraphs":true,"m_FxEnabled":true},"in2DMode":false,"pivot":{"x":0.30237799882888796,"y":1.7698155641555787,"z":0.7764101028442383},"rotation":{"x":0.12511858344078065,"y":-0.08338195085525513,"z":0.010261821560561657,"w":0.9885794520378113},"size":2.3200900554656984,"orthographic":false}