{"cameraMode":{"drawMode":0,"name":"Shaded","section":"Shading Mode"},"sceneLighting":false,"audioPlay":false,"sceneViewState":{"m_AlwaysRefresh":false,"showFog":true,"showSkybox":false,"showFlares":true,"showImageEffects":true,"showParticleSystems":true,"showVisualEffectGraphs":true,"m_FxEnabled":true},"in2DMode":false,"pivot":{"x":1.088724970817566,"y":0.7201786041259766,"z":2.000629425048828},"rotation":{"x":0.07919248938560486,"y":-0.05244266614317894,"z":0.003882625373080373,"w":0.9954721331596375},"size":6.461453914642334,"orthographic":false}