{"cameraMode":{"drawMode":0,"name":"Shaded","section":"Shading Mode"},"sceneLighting":false,"audioPlay":false,"sceneViewState":{"m_AlwaysRefresh":false,"showFog":true,"showSkybox":false,"showFlares":true,"showImageEffects":true,"showParticleSystems":true,"showVisualEffectGraphs":true,"m_FxEnabled":true},"in2DMode":false,"pivot":{"x":0.28086140751838686,"y":0.022753790020942689,"z":0.343047559261322},"rotation":{"x":0.07919248938560486,"y":-0.05244266614317894,"z":0.003882625373080373,"w":0.9954721331596375},"size":0.8028709292411804,"orthographic":false}